<?xml version="1.0" ?>
<server xmlns="urn:jboss:domain:4.2">
    <extensions>
        <extension module="org.jboss.as.clustering.infinispan"/>
        <extension module="org.jboss.as.connector"/>
        <extension module="org.jboss.as.deployment-scanner"/>
        <extension module="org.jboss.as.ee"/>
        <extension module="org.jboss.as.ejb3"/>
        <extension module="org.jboss.as.jaxrs"/>
        <extension module="org.jboss.as.jdr"/>
        <extension module="org.jboss.as.jmx"/>
        <extension module="org.jboss.as.jpa"/>
        <extension module="org.jboss.as.jsf"/>
        <extension module="org.jboss.as.jsr77"/>
        <extension module="org.jboss.as.logging"/>
        <extension module="org.jboss.as.mail"/>
        <extension module="org.jboss.as.naming"/>
        <extension module="org.jboss.as.pojo"/>
        <extension module="org.jboss.as.remoting"/>
        <extension module="org.jboss.as.sar"/>
        <extension module="org.jboss.as.security"/>
        <extension module="org.jboss.as.transactions"/>
        <extension module="org.jboss.as.webservices"/>
        <extension module="org.jboss.as.weld"/>
        <extension module="org.wildfly.extension.batch.jberet"/>
        <extension module="org.wildfly.extension.bean-validation"/>
        <extension module="org.wildfly.extension.io"/>
        <extension module="org.wildfly.extension.messaging-activemq"/>
        <extension module="org.wildfly.extension.request-controller"/>
        <extension module="org.wildfly.extension.security.manager"/>
        <extension module="org.wildfly.extension.undertow"/>
        <extension module="org.wildfly.iiop-openjdk"/>
    </extensions>

    <system-properties>
        <property name="jboss.server.home.dir" value="${jboss.home.dir}"/>
        <property name="icpConfigDirPath" value="${jboss.server.home.dir}/icpConfig"/>
        <property name="org.apache.catalina.connector.Request.USE_PRINCIPAL_FROM_SESSION" value="false"/>
        <property name="org.apache.catalina.authenticator.AuthenticatorBase.CHANGE_SESSIONID_ON_AUTH" value="true"/>
        <property name="hibernate.config" value="apollo.oracle.cfg.xml"/>
        <property name="hibernate.udt.config" value="userdefined.oracle.cfg.xml"/>
        <property name="hibernate.standalone.config" value="apollo_standalone.cfg.xml"/>
        <!-- concurrent claim processing resource count (threads, MDBs, etc.) -->
        <property name="engine.count" value="4"/>
        <!-- https configuration properties -->
        <property name="jboss.use-ssl-client-authentication" value="false"/>
        <property name="jboss.localhost.hostname" value="localhost"/>
        <property name="keyAlias" value="icplocalhost"/>
        <property name="keystoreFileName" value="icp.keystore"/>
        <property name="keystorePassword" value="${javax.net.ssl.keyStorePassword}"/>
        <property name="truststoreFileName" value="icp.keystore"/>
        <property name="truststorePassword" value="${javax.net.ssl.trustStorePassword}"/>
        <property name="javax.net.ssl.keyStore" value="${icpConfigDirPath}/${keystoreFileName}"/>
        <property name="javax.net.ssl.keyStorePassword" value="${keystorePassword}"/>
        <property name="javax.net.ssl.trustStore" value="${icpConfigDirPath}/${truststoreFileName}"/>
        <property name="javax.net.ssl.trustStorePassword" value="${truststorePassword}"/>
        <!-- JMS Settings -->
        <property name="jms.main.hostname" value="${icp.jboss.env.jms.main.host}"/>
        <property name="jms.standby.hostname" value=""/>
        <property name="jms.port" value="${icp.jboss.env.jms.port}"/>
        <property name="jms.ha.enabled" value="${icp.jboss.env.jms.ha.enabled}"/>
        <property name="jms.ssl.enabled" value="${icp.jboss.env.jms.ssl.enabled}"/>
        <property name="jms.enabled.protocols" value="${icp.jboss.env.jms.protocols}"/>
        <!-- LOGGING -->
        <property name="jboss.logging.level.console" value="${icp.jboss.env.logging.level.console}"/>
        <property name="jboss.logging.level.file" value="${icp.jboss.env.logging.level.file}"/>
        <property name="jboss.logging.level.base" value="${icp.jboss.env.logging.level.base}"/>
        <property name="jboss.logging.level.jboss" value="${icp.jboss.env.logging.level.jboss}"/>
        <property name="jboss.logging.level.security" value="${icp.jboss.env.logging.level.security}"/>
        <property name="jboss.logging.level.ace-stat-purge" value="${icp.jboss.env.logging.level.ace-stat-purge}"/>
        <property name="jboss.logging.level.ingenix" value="${icp.jboss.env.logging.level.ingenix}"/>
        <property name="jboss.logging.level.ingenix-rules" value="${icp.jboss.env.logging.level.ingenix-rules}"/>
        <property name="jboss.logging.level.ilog" value="${icp.jboss.env.logging.level.ilog}"/>
        <property name="jboss.logging.level.hibernate" value="${icp.jboss.env.logging.level.hibernate}"/>
        <property name="jboss.logging.level.apache" value="${icp.jboss.env.logging.level.apache}"/>
    </system-properties>


    <management>
        <security-realms>
            <security-realm name="ManagementRealm">
                <authentication>
                    <local default-user="$local" skip-group-loading="true"/>
                    <properties path="mgmt-users.properties" relative-to="jboss.server.config.dir"/>
                </authentication>
                <authorization map-groups-to-roles="false">
                    <properties path="mgmt-groups.properties" relative-to="jboss.server.config.dir"/>
                </authorization>
            </security-realm>
            <security-realm name="ApplicationRealm">
                <authentication>
                    <local default-user="$local" allowed-users="*" skip-group-loading="true"/>
                    <properties path="application-users.properties" relative-to="jboss.server.config.dir"/>
                </authentication>
                <authorization>
                    <properties path="application-roles.properties" relative-to="jboss.server.config.dir"/>
                </authorization>
            </security-realm>
        </security-realms>
        <audit-log>
            <formatters>
                <json-formatter name="json-formatter"/>
            </formatters>
            <handlers>
                <file-handler name="file" formatter="json-formatter" path="audit-log.log" relative-to="jboss.server.data.dir"/>
            </handlers>
            <logger log-boot="true" log-read-only="false" enabled="false">
                <handlers>
                    <handler name="file"/>
                </handlers>
            </logger>
        </audit-log>
        <management-interfaces>
            <native-interface security-realm="ManagementRealm">
                <socket-binding native="management-native"/>
            </native-interface>
            <http-interface security-realm="ManagementRealm" http-upgrade-enabled="true">
                <socket-binding http="management-http"/>
            </http-interface>
        </management-interfaces>
        <access-control provider="simple">
            <role-mapping>
                <role name="SuperUser">
                    <include>
                        <user name="$local"/>
                    </include>
                </role>
            </role-mapping>
        </access-control>
    </management>

    <profile>
        <subsystem xmlns="urn:jboss:domain:logging:3.0">
            <console-handler name="CONSOLE" autoflush="true">
                <level name="${jboss.logging.level.console}"/>
                <formatter>
                    <named-formatter name="COLOR-PATTERN"/>
                </formatter>
            </console-handler>

            <size-rotating-file-handler name="FILE" autoflush="false">
                <level name="${jboss.logging.level.file}"/>
                <formatter>
                    <pattern-formatter pattern="%d %-5p (%t) [%c] %s%E%n"/>
                </formatter>
                <file relative-to="jboss.server.log.dir" path="jboss.server.log"/>
                <rotate-size value="10m"/>
                <max-backup-index value="5"/>
                <append value="true"/>
            </size-rotating-file-handler>

            <periodic-rotating-file-handler name="SECURITY" autoflush="true">
                <level name="${jboss.logging.level.security}"/>
                <formatter>
                    <named-formatter name="COLOR-PATTERN"/>
                </formatter>
                <file relative-to="jboss.server.log.dir" path="jboss.security.log"/>
                <suffix value=".yyyy-MM-dd"/>
                <append value="true"/>
            </periodic-rotating-file-handler>

            <size-rotating-file-handler name="ACE_STAT_PURGE" autoflush="false">
                <level name="${jboss.logging.level.ace-stat-purge}"/>
                <formatter>
                    <pattern-formatter pattern="%d %-5p (%t) [%c] %s%E%n"/>
                </formatter>
                <file relative-to="jboss.server.log.dir" path="ACE.statpurge.log"/>
                <rotate-size value="10m"/>
                <max-backup-index value="1"/>
                <append value="true"/>
            </size-rotating-file-handler>

            <!-- all loggers should be asynchronous -->
            <async-handler name="ASYNC">
                <queue-length value="10000"/>
                <overflow-action value="block"/>
                <subhandlers>
                    <handler name="FILE"/>
                </subhandlers>
            </async-handler>
            <logger category="com.ingenix">
                <level name="${jboss.logging.level.ingenix}"/>
            </logger>
            <logger category="com.ingenix.freya.web.util.SessionWatch">
                <level name="${jboss.logging.level.ingenix}"/>
            </logger>
            <logger category="com.ingenix.freya.systemevent">
                <level name="${jboss.logging.level.ingenix}"/>
            </logger>
            <logger category="com.ingenix.freya.util.hibernate">
                <level name="${jboss.logging.level.hibernate}"/>
            </logger>
            <logger category="com.ingenix.freya.enterprise.ejb.EnterpriseCache">
                <level name="${jboss.logging.level.ingenix}"/>
            </logger>
            <logger category="com.ingenix.freya.rulesmanagement.model.RouteCache">
                <level name="${jboss.logging.level.ingenix-rules}"/>
            </logger>
            <logger category="com.ingenix.freya.rulesmanagement.model.RulesetCache">
                <level name="${jboss.logging.level.ingenix-rules}"/>
            </logger>
            <logger category="com.ingenix.freya.lists.ejb.ListServiceImpl">
                <level name="${jboss.logging.level.ingenix}"/>
            </logger>
            <logger category="com.ingenix.freya.datadrivenrules.lcd.dataloader">
                <level name="${jboss.logging.level.ingenix-rules}"/>
            </logger>
            <logger category="com.ingenix.freya.rules.install">
                <level name="${jboss.logging.level.ingenix-rules}"/>
            </logger>
            <logger category="com.ingenix.freya.rules.install.RulesStudio">
                <level name="${jboss.logging.level.ingenix-rules}"/>
            </logger>
            <logger category="com.ingenix.freya.rulesdeployment">
                <level name="${jboss.logging.level.ingenix-rules}"/>
            </logger>
            <logger category="com.ingenix.freya.rulesmanagement">
                <level name="${jboss.logging.level.ingenix-rules}"/>
            </logger>
            <logger category="com.ingenix.freya.messaging.ejb.ClaimFlowMDB">
                <level name="${jboss.logging.level.ingenix}"/>
            </logger>
            <logger category="com.ingenix.freya.messaging.ClaimFlowMessageHandlerImpl">
                <level name="${jboss.logging.level.ingenix}"/>
            </logger>
            <logger category="com.ingenix.freya.claim.ejb.ClaimServiceBean">
                <level name="${jboss.logging.level.ingenix}"/>
            </logger>
            <logger category="com.ingenix.freya.messaging.ResultRouterImpl">
                <level name="${jboss.logging.level.ingenix}"/>
            </logger>
            <logger category="com.ingenix.freya.claimedit.ejb.ClaimLineGroup">
                <level name="${jboss.logging.level.ingenix}"/>
            </logger>
            <logger category="com.ingenix.freya.claimedit.ejb.EditClaimImpl">
                <level name="${jboss.logging.level.ingenix}"/>
            </logger>
            <logger category="com.ingenix.freya.pqri.ejb.PQRIServiceImpl">
                <level name="${jboss.logging.level.ingenix}"/>
            </logger>
            <logger category="com.ingenix.sso.handlers">
                <level name="${jboss.logging.level.ingenix}"/>
            </logger>
            <logger category="com.ingenix.sso.picketboxext.FreyaDbLoginModule">
                <level name="${jboss.logging.level.ingenix}"/>
                <handlers>
                    <handler name="SECURITY"/>
                </handlers>
            </logger>
            <logger category="ilog">
                <level name="${jboss.logging.level.ilog}"/>
            </logger>
            <logger category="stdout">
                <level name="${jboss.logging.level.console}"/>
            </logger>
            <logger category="org.jboss">
                <level name="${jboss.logging.level.jboss}"/>
            </logger>
            <logger category="org.jboss.axis">
                <level name="${jboss.logging.level.jboss}"/>
            </logger>
            <logger category="org.jboss.ejb.plugins.jms.DLQHandler">
                <level name="${jboss.logging.level.jboss}"/>
            </logger>
            <logger category="org.jboss.server">
                <level name="${jboss.logging.level.jboss}"/>
            </logger>
            <logger category="org.jboss.as.server.deployment.scanner">
                <level name="${jboss.logging.level.jboss}"/>
            </logger>
            <logger category="org.jboss.jca">
                <level name="${jboss.logging.level.jboss}"/>
            </logger>
            <logger category="org.jboss.as.controller">
                <level name="${jboss.logging.level.jboss}"/>
            </logger>
            <logger category="org.jboss.as.connector">
                <level name="${jboss.logging.level.jboss}"/>
            </logger>
            <logger category="org.jboss.as.dependency.private">
                <level name="${jboss.logging.level.jboss}"/>
            </logger>
            <logger category="org.hibernate">
                <level name="${jboss.logging.level.hibernate}"/>
            </logger>
            <logger category="org.hibernate.SQL">
                <level name="${jboss.logging.level.hibernate}"/>
            </logger>
            <logger category="org.hibernate.cache">
                <level name="${jboss.logging.level.hibernate}"/>
            </logger>
            <logger category="org.apache.jsp">
                <level name="${jboss.logging.level.apache}"/>
            </logger>
            <logger category="org.apache.tapestry">
                <level name="${jboss.logging.level.apache}"/>
            </logger>
            <logger category="tapestry">
                <level name="${jboss.logging.level.base}"/>
            </logger>
            <logger category="com.sun.faces">
                <level name="${jboss.logging.level.base}"/>
            </logger>
            <logger category="org.apache">
                <level name="${jboss.logging.level.apache}"/>
            </logger>
            <logger category="net.sf.ehcache">
                <level name="${jboss.logging.level.base}"/>
            </logger>
            <logger category="org.apache.activemq">
                <level name="${jboss.logging.level.apache}"/>
            </logger>
            <logger category="org.jgroups">
                <level name="${jboss.logging.level.base}"/>
            </logger>
            <logger category="hivemind">
                <level name="${jboss.logging.level.base}"/>
            </logger>
            <logger category="net.sf.tacos">
                <level name="${jboss.logging.level.base}"/>
            </logger>
            <logger category="tacos">
                <level name="${jboss.logging.level.base}"/>
            </logger>
            <logger category="httpclient">
                <level name="${jboss.logging.level.base}"/>
            </logger>
            <logger category="com.arjuna">
                <level name="${jboss.logging.level.base}"/>
            </logger>
            <logger category="org.apache.tomcat.util.modeler">
                <level name="${jboss.logging.level.apache}"/>
            </logger>
            <logger category="org.apache.commons">
                <level name="${jboss.logging.level.apache}"/>
            </logger>
            <logger category="sun.rmi">
                <level name="${jboss.logging.level.base}"/>
            </logger>
            <logger category="org.infinispan">
                <level name="${jboss.logging.level.base}"/>
            </logger>
            <logger category="ingenix_sso_jsp">
                <level name="${jboss.logging.level.ingenix}"/>
            </logger>
            <logger category="com.ingenix.sso.picketboxext">
                <level name="${jboss.logging.level.base}"/>
            </logger>
            <logger category="org.picketlink.commom">
                <level name="${jboss.logging.level.base}"/>
            </logger>
            <logger category="org.picketlink.identity.federation">
                <level name="${jboss.logging.level.base}"/>
            </logger>
            <root-logger>
                <level name="${jboss.logging.level.base}"/>
                <handlers>
                    <handler name="ASYNC"/>
                </handlers>
            </root-logger>
            <formatter name="COLOR-PATTERN">
                <pattern-formatter pattern="%K{level}%d %-5p (%t) [%c] %s%E%n"/>
            </formatter>
        </subsystem>
        <subsystem xmlns="urn:jboss:domain:batch-jberet:1.0">
            <default-job-repository name="in-memory"/>
            <default-thread-pool name="batch"/>
            <job-repository name="in-memory">
                <in-memory/>
            </job-repository>
            <thread-pool name="batch">
                <max-threads count="10"/>
                <keepalive-time time="30" unit="seconds"/>
            </thread-pool>
        </subsystem>
        <subsystem xmlns="urn:jboss:domain:bean-validation:1.0"/>
        <subsystem xmlns="urn:jboss:domain:datasources:4.0">
            <datasources>
                <xa-datasource jndi-name="java:jboss/apollo-datasource" pool-name="apollo-datasource" enabled="true" use-java-context="true">
                    <xa-datasource-property name="URL">${icp.jboss.env.datasource.url}</xa-datasource-property>
                    <xa-datasource-class>oracle.jdbc.xa.client.OracleXADataSource</xa-datasource-class>
                    <driver>oracle</driver>
                    <xa-pool>
                        <min-pool-size>10</min-pool-size>
                        <max-pool-size>100</max-pool-size>
                        <prefill>true</prefill>
                        <is-same-rm-override>false</is-same-rm-override>
                        <no-tx-separate-pools>true</no-tx-separate-pools>
                    </xa-pool>
                    <security>
                        <security-domain>encrypted-ds</security-domain>
                    </security>
                    <validation>
                        <check-valid-connection-sql>select 1 from dual</check-valid-connection-sql>
                    </validation>
                    <statement>
                        <track-statements>false</track-statements>
                        <prepared-statement-cache-size>200</prepared-statement-cache-size>
                        <share-prepared-statements>true</share-prepared-statements>
                    </statement>
                </xa-datasource>
                <xa-datasource jndi-name="java:/jdbc/bresdatasource" pool-name="bres-datasource" enabled="true" use-java-context="true">
                    <xa-datasource-property name="URL">${icp.jboss.env.datasource.url}</xa-datasource-property>
                    <xa-datasource-class>oracle.jdbc.xa.client.OracleXADataSource</xa-datasource-class>
                    <driver>oracle</driver>
                    <xa-pool>
                        <min-pool-size>5</min-pool-size>
                        <max-pool-size>50</max-pool-size>
                        <prefill>true</prefill>
                        <is-same-rm-override>false</is-same-rm-override>
                        <no-tx-separate-pools>true</no-tx-separate-pools>
                    </xa-pool>
                    <security>
                        <security-domain>encrypted-ds</security-domain>
                    </security>
                    <validation>
                        <check-valid-connection-sql>select 1 from dual</check-valid-connection-sql>
                    </validation>
                    <statement>
                        <track-statements>false</track-statements>
                        <prepared-statement-cache-size>100</prepared-statement-cache-size>
                        <share-prepared-statements>true</share-prepared-statements>
                    </statement>
                </xa-datasource>
                <xa-datasource jndi-name="java:/jdbc/ilogDataSource" pool-name="ilog-datasource" enabled="true" use-java-context="true">
                    <xa-datasource-property name="URL">${icp.jboss.env.datasource.url}</xa-datasource-property>
                    <xa-datasource-class>oracle.jdbc.xa.client.OracleXADataSource</xa-datasource-class>
                    <driver>oracle</driver>
                    <xa-pool>
                        <min-pool-size>10</min-pool-size>
                        <max-pool-size>200</max-pool-size>
                        <prefill>true</prefill>
                        <is-same-rm-override>false</is-same-rm-override>
                        <no-tx-separate-pools>true</no-tx-separate-pools>
                    </xa-pool>
                    <security>
                        <security-domain>encrypted-ds</security-domain>
                    </security>
                    <validation>
                        <check-valid-connection-sql>select 1 from dual</check-valid-connection-sql>
                    </validation>
                    <statement>
                        <track-statements>false</track-statements>
                        <prepared-statement-cache-size>100</prepared-statement-cache-size>
                        <share-prepared-statements>true</share-prepared-statements>
                    </statement>
                </xa-datasource>
                <drivers>
                    <driver name="oracle" module="com.oracle.ojdbc">
                        <driver-class>oracle.jdbc.driver.OracleDriver</driver-class>
                        <xa-datasource-class>oracle.jdbc.xa.client.OracleXADataSource</xa-datasource-class>
                    </driver>
                </drivers>
            </datasources>
        </subsystem>
        <subsystem xmlns="urn:jboss:domain:deployment-scanner:2.0">
            <deployment-scanner path="deployments" relative-to="jboss.server.base.dir" scan-interval="5000" 
                                auto-deploy-exploded="false" deployment-timeout="1200" 
                                runtime-failure-causes-rollback="${jboss.deployment.scanner.rollback.on.failure:false}"/>
        </subsystem>
        <subsystem xmlns="urn:jboss:domain:ee:4.0">
            <spec-descriptor-property-replacement>false</spec-descriptor-property-replacement>
            <concurrent>
                <context-services>
                    <context-service name="default" jndi-name="java:jboss/ee/concurrency/context/default" use-transaction-setup-provider="true"/>
                </context-services>
                <managed-thread-factories>
                    <managed-thread-factory name="default" jndi-name="java:jboss/ee/concurrency/factory/default" context-service="default"/>
                </managed-thread-factories>
                <managed-executor-services>
                    <managed-executor-service name="default" jndi-name="java:jboss/ee/concurrency/executor/default" context-service="default" hung-task-threshold="60000" keepalive-time="5000"/>
                </managed-executor-services>
                <managed-scheduled-executor-services>
                    <managed-scheduled-executor-service name="default" jndi-name="java:jboss/ee/concurrency/scheduler/default" context-service="default" hung-task-threshold="60000" keepalive-time="3000"/>
                </managed-scheduled-executor-services>
            </concurrent>
            <default-bindings context-service="java:jboss/ee/concurrency/context/default" datasource="java:jboss/apollo-datasource" jms-connection-factory="java:jboss/DefaultJMSConnectionFactory" managed-executor-service="java:jboss/ee/concurrency/executor/default" managed-scheduled-executor-service="java:jboss/ee/concurrency/scheduler/default" managed-thread-factory="java:jboss/ee/concurrency/factory/default"/>
        </subsystem>
        <subsystem xmlns="urn:jboss:domain:ejb3:4.0">
            <session-bean>
                <stateless>
                    <bean-instance-pool-ref pool-name="slsb-strict-max-pool"/>
                </stateless>
                <stateful default-access-timeout="5000" cache-ref="simple" passivation-disabled-cache-ref="simple"/>
                <singleton default-access-timeout="5000"/>
            </session-bean>
            <mdb>
                <resource-adapter-ref resource-adapter-name="${ejb.resource-adapter-name:activemq-ra.rar}"/>
                <bean-instance-pool-ref pool-name="mdb-strict-max-pool"/>
            </mdb>
            <pools>
                <bean-instance-pools>
                    <strict-max-pool name="slsb-strict-max-pool"
                                     derive-size="from-worker-pools"
                                     instance-acquisition-timeout="5"
                                     instance-acquisition-timeout-unit="MINUTES"/>
                    <strict-max-pool name="mdb-strict-max-pool"
                                     max-pool-size="${engine.count}"
                                     instance-acquisition-timeout="5"
                                     instance-acquisition-timeout-unit="MINUTES"/>
                </bean-instance-pools>
            </pools>
            <caches>
                <cache name="simple" aliases="NoPassivationCache"/>
                <cache name="distributable" passivation-store-ref="infinispan" aliases="passivating clustered"/>
            </caches>
            <passivation-stores>
                <passivation-store name="infinispan" cache-container="ejb" max-size="10000"/>
            </passivation-stores>
            <async thread-pool-name="default"/>
            <timer-service thread-pool-name="default" default-data-store="default-file-store">
                <data-stores>
                    <file-data-store name="default-file-store" path="timer-service-data" relative-to="jboss.server.data.dir"/>
                </data-stores>
            </timer-service>
            <remote connector-ref="http-remoting-connector" thread-pool-name="default"/>
            <thread-pools>
                <thread-pool name="default">
                    <max-threads count="${engine.count}"/>
                    <keepalive-time time="30" unit="seconds"/>
                </thread-pool>
            </thread-pools>
            <iiop enable-by-default="false" use-qualified-name="false"/>
            <in-vm-remote-interface-invocation pass-by-value="false"/>
            <default-missing-method-permissions-deny-access value="false"/>
            <log-system-exceptions value="true"/>
        </subsystem>
        <subsystem xmlns="urn:jboss:domain:io:1.1">
            <worker name="default"/>
            <buffer-pool name="default"/>
        </subsystem>
        <subsystem xmlns="urn:jboss:domain:infinispan:4.0">
            <cache-container name="server" default-cache="default" module="org.wildfly.clustering.server"
                             jndi-name="java:jboss/infinispan/default">
                <local-cache name="default">
                    <transaction mode="BATCH"/>
                </local-cache>
            </cache-container>
            <cache-container name="web" default-cache="passivation" module="org.wildfly.clustering.web.infinispan">
                <local-cache name="passivation">
                    <locking isolation="REPEATABLE_READ"/>
                    <transaction mode="BATCH"/>
                    <file-store passivation="true" purge="false"/>
                </local-cache>
                <local-cache name="persistent">
                    <locking isolation="REPEATABLE_READ"/>
                    <transaction mode="BATCH"/>
                    <file-store passivation="false" purge="false"/>
                </local-cache>
                <local-cache name="concurrent">
                    <file-store passivation="true" purge="false"/>
                </local-cache>
            </cache-container>
            <cache-container name="ejb" aliases="sfsb" default-cache="passivation" module="org.wildfly.clustering.ejb.infinispan">
                <local-cache name="passivation">
                    <locking isolation="REPEATABLE_READ"/>
                    <transaction mode="BATCH"/>
                    <file-store passivation="true" purge="false"/>
                </local-cache>
                <local-cache name="persistent">
                    <locking isolation="REPEATABLE_READ"/>
                    <transaction mode="BATCH"/>
                    <file-store passivation="false" purge="false"/>
                </local-cache>
            </cache-container>
            <cache-container name="hibernate" default-cache="local-query" module="org.hibernate.infinispan"
                             jndi-name="java:jboss/infinispan/2LC">
                <local-cache name="entity">
                    <transaction mode="NON_XA"/>
                    <eviction strategy="LRU" max-entries="10000"/>
                    <expiration max-idle="100000"/>
                </local-cache>
                <local-cache name="local-query">
                    <transaction mode="NONE"/>
                    <eviction strategy="LRU" max-entries="10000"/>
                    <expiration max-idle="100000"/>
                </local-cache>
                <local-cache name="timestamps">
                    <transaction mode="NONE"/>
                    <eviction strategy="NONE"/>
                </local-cache>
            </cache-container>
        </subsystem>
        <subsystem xmlns="urn:jboss:domain:iiop-openjdk:1.0">
            <orb socket-binding="iiop" ssl-socket-binding="iiop-ssl"/>
            <initializers security="identity" transactions="spec"/>
        </subsystem>
        <subsystem xmlns="urn:jboss:domain:jaxrs:1.0"/>
        <subsystem xmlns="urn:jboss:domain:jca:4.0">
            <archive-validation enabled="false" fail-on-error="true" fail-on-warn="false"/>
            <bean-validation enabled="true"/>
            <default-workmanager>
                <short-running-threads>
                    <core-threads count="2"/>
                    <queue-length count="1000"/>
                    <max-threads count="${engine.count}"/>
                <keepalive-time time="30" unit="seconds"/>
                </short-running-threads>
                <long-running-threads>
                    <core-threads count="2"/>
                    <queue-length count="1000"/>
                    <max-threads count="${engine.count}"/>
                <keepalive-time time="30" unit="seconds"/>
                </long-running-threads>
            </default-workmanager>
            <cached-connection-manager/>
        </subsystem>
        <subsystem xmlns="urn:jboss:domain:jdr:1.0"/>
        <subsystem xmlns="urn:jboss:domain:jmx:1.3">
            <expose-resolved-model/>
            <expose-expression-model/>
            <remoting-connector/>
        </subsystem>
        <subsystem xmlns="urn:jboss:domain:jpa:1.1">
            <jpa default-datasource="" default-extended-persistence-inheritance="DEEP"/>
        </subsystem>
        <subsystem xmlns="urn:jboss:domain:jsf:1.0"/>
        <subsystem xmlns="urn:jboss:domain:jsr77:1.0"/>
        <subsystem xmlns="urn:jboss:domain:mail:2.0">
            <mail-session name="default" jndi-name="java:jboss/mail/Default">
                <smtp-server outbound-socket-binding-ref="mail-smtp"/>
            </mail-session>
        </subsystem>



        <subsystem xmlns="urn:jboss:domain:messaging-activemq:1.0">
            <server name="default" persistence-enabled="false" scheduled-thread-pool-max-size="1" thread-pool-max-size="5">
                <security enabled="false"/>
                <transaction timeout="306000"/>
                <connector 
                  name="artemisMain" 
                  factory-class="org.apache.activemq.artemis.core.remoting.impl.netty.NettyConnectorFactory">
                    <param name="host" value="${jms.main.hostname}"/>
                    <param name="port" value="${jms.port}"/>
                    <param name="sslEnabled" value="${jms.ssl.enabled}"/>
                    <param name="keyStorePath" value="${icpConfigDirPath}/${keystoreFileName}"/>
                    <param name="keyStorePassword" value="${keystorePassword}"/>
                    <param name="trustStorePath" value="${icpConfigDirPath}/${truststoreFileName}"/>
                    <param name="trustStorePassword" value="${truststorePassword}"/>
                </connector> 
                <!--connector 
                  name="artemisStandby" 
                  factory-class="org.apache.activemq.artemis.core.remoting.impl.netty.NettyConnectorFactory">
                    <param name="host" value="${jms.standby.hostname}"/>
                    <param name="port" value="${jms.port}"/>
                    <param name="sslEnabled" value="${jms.ssl.enabled}"/>
                    <param name="keyStorePath" value="${icpConfigDirPath}/${keystoreFileName}"/>
                    <param name="keyStorePassword" value="${keystorePassword}"/>
                    <param name="trustStorePath" value="${icpConfigDirPath}/${truststoreFileName}"/>
                    <param name="trustStorePassword" value="${truststorePassword}"/>
                </connector-->
                <pooled-connection-factory 
                  name="activemq-ra" 
                  entries="ConnectionFactory java:/JmsXA java:jboss/DefaultJMSConnectionFactory" 
                  connectors="artemisMain"
                  consumer-window-size="0"
                  min-large-message-size="460800"
                  block-on-durable-send="false"
                  pre-acknowledge="true"
                  ha="${jms.ha.enabled}"
                  retry-interval="1000"
                  retry-interval-multiplier="1.0"
                  thread-pool-max-size="-1"
                  transaction="xa"/>
            </server>
        </subsystem>


        <subsystem xmlns="urn:jboss:domain:naming:2.0">
            <bindings>
                <lookup name="java:/comp/env/ejb/IlrSessionFacadeBean" lookup="java:global/freya-enterprise-app/jrules-teamserver-ejb-JBOSS40/IlrSessionFacadeBean!ilog.rules.teamserver.ejb.service.IlrSessionFacadeHome"/>
                <lookup name="java:/comp/env/ejb/IlrSessionFacadeLocalBean" lookup="java:global/freya-enterprise-app/jrules-teamserver-ejb-JBOSS40/IlrSessionFacadeLocalBean!ilog.rules.teamserver.ejb.service.IlrSessionFacadeLocalHome"/>
                <lookup name="java:/comp/env/ejb/IlrExternalInterfaceFacadeLocalSessionBean" lookup="java:global/freya-enterprise-app/jrules-teamserver-externalejb-JBOSS40/IlrExternalInterfaceFacadeLocalSessionBean!ilog.rules.teamserver.externalejb.IlrExternalInterfaceFacadeLocalSessionHome"/>
                <lookup name="java:/comp/env/eis/XUConnectionFactory" lookup="java:jboss/resources/eis/XUConnectionFactory"/>
            </bindings>
            <remote-naming/>
        </subsystem>
        <subsystem xmlns="urn:jboss:domain:pojo:1.0"/>
        <subsystem xmlns="urn:jboss:domain:remoting:3.0">
            <endpoint worker="default"/>
            <http-connector name="http-remoting-connector" connector-ref="default" security-realm="ApplicationRealm"/>
        </subsystem>
        <subsystem xmlns="urn:jboss:domain:resource-adapters:4.0">
          <resource-adapters>
            <resource-adapter id="jrules-bres-xu-JBOSS40.rar">
              <archive>jrules-bres-xu-JBOSS40.rar</archive>
              <transaction-support>NoTransaction</transaction-support>
              <connection-definitions>
                <connection-definition class-name="ilog.rules.bres.xu.spi.IlrManagedXUConnectionFactory" jndi-name="java:jboss/resources/eis/XUConnectionFactory" enabled="true" use-java-context="true" pool-name="XU-POOL" use-ccm="true">
                  <config-property name="traceLevel">${jboss.logging.level.ilog}</config-property>
                  <config-property name="traceAutoFlush">true</config-property>
                  <config-property name="ConcurrentOpenClose">true</config-property>
                  <pool>
                    <min-pool-size>100</min-pool-size>
                    <max-pool-size>100</max-pool-size>
                    <prefill>true</prefill> 
                    <use-strict-min>false</use-strict-min> 
                    <flush-strategy>FailingConnectionOnly</flush-strategy> 
                  </pool>
                  <security>
                    <application/>
                  </security>
                  <timeout>
                    <blocking-timeout-millis>50000</blocking-timeout-millis> 
                    <idle-timeout-minutes>15</idle-timeout-minutes> 
                  </timeout>
                  <validation>
                    <background-validation>false</background-validation> 
                    <use-fast-fail>false</use-fast-fail> 
                  </validation>
                </connection-definition>
              </connection-definitions>
            </resource-adapter>
          </resource-adapters>
        </subsystem>
        <subsystem xmlns="urn:jboss:domain:request-controller:1.0"/>
        <subsystem xmlns="urn:jboss:domain:sar:1.0"/>
        <subsystem xmlns="urn:jboss:domain:security-manager:1.0">
            <deployment-permissions>
                <maximum-set>
                    <permission class="java.security.AllPermission"/>
                </maximum-set>
            </deployment-permissions>
        </subsystem>
        <subsystem xmlns="urn:jboss:domain:security:1.2">
            <security-domains>
                <security-domain name="other" cache-type="default">
                    <authentication>
                        <login-module code="Remoting" flag="optional">
                            <module-option name="password-stacking" value="useFirstPass"/>
                        </login-module>
                        <login-module code="RealmDirect" flag="required">
                            <module-option name="password-stacking" value="useFirstPass"/>
                        </login-module>
                        <login-module code="RealmUsersRoles" flag="required">
                            <module-option name="realm" value="ApplicationRealm"/>
                            <module-option name="password-stacking" value="useFirstPass"/>
                            <module-option name="usersProperties" value="${jboss.server.config.dir}/rtsUsers.properties"/>
                            <module-option name="rolesProperties" value="${jboss.server.config.dir}/rtsRoles.properties"/>
                        </login-module>
                    </authentication>
                </security-domain>
                <security-domain name="jboss-web-policy" cache-type="default">
                    <authorization>
                        <policy-module code="Delegating" flag="required"/>
                    </authorization>
                </security-domain>
                <security-domain name="jboss-ejb-policy" cache-type="default">
                    <authorization>
                        <policy-module code="Delegating" flag="required"/>
                    </authorization>
                </security-domain>
                <security-domain name="jaspitest" cache-type="default">
                    <authentication-jaspi>
                        <login-module-stack name="dummy">
                            <login-module code="Dummy" flag="optional"/>
                        </login-module-stack>
                        <auth-module code="Dummy"/>
                    </authentication-jaspi>
                </security-domain>
                <security-domain name="encrypted-ds" cache-type="default">
                    <authentication>
                        <login-module code="org.picketbox.datasource.security.SecureIdentityLoginModule" flag="required">
                            <module-option name="username" value="${icp.jboss.env.datasource.username}"/>
                            <module-option name="password" value="${icp.jboss.env.datasource.apollo.password}"/>
                            <module-option name="managedConnectionFactoryName" value="jboss.jca:service=XATxCM,name=apollo-datasource"/>
                        </login-module>
                    </authentication>
                </security-domain>
                <security-domain name="idp">
                    <authentication>
                        <login-module code="com.ingenix.sso.picketboxext.FreyaDbLoginModule" flag="required">
                            <module-option name="dsJndiName" value="java:jboss/apollo-datasource"/>
                            <module-option name="principalsQuery" value="SELECT p.ENCRYPTED_PASSWORD AS Password FROM USER_PASSWORD p, USER_ACCOUNT u WHERE p.USER_IID = u.IID AND u.USERNAME=? AND p.STATUS = 'A' AND u.STATUS='A'"/>
                            <module-option name="rolesQuery" value="SELECT r.NAME AS Name, 'Roles' AS Roles FROM USER_ACCOUNT u, USER_ROLE r, USER_MEMBERSHIP m WHERE u.IID = m.USER_IID AND r.IID = m.ROLE_IID AND u.USERNAME=?"/>
                            <module-option name="hashAlgorithm" value="SHA-256"/>
                            <module-option name="hashEncoding" value="base64"/>
                        </login-module>
                    </authentication>
                    <jsse keystore-password="${keystorePassword}" keystore-url="${icpConfigDirPath}/${keystoreFileName}" truststore-password="${truststorePassword}" truststore-url="${icpConfigDirPath}/${truststoreFileName}" client-auth="true"/>
                </security-domain>
                <security-domain name="sp" cache-type="default">
                    <authentication>
                        <login-module code="org.picketlink.identity.federation.bindings.wildfly.SAML2LoginModule" flag="required"/>
                    </authentication>
                    <jsse keystore-password="${keystorePassword}" keystore-url="${icpConfigDirPath}/${keystoreFileName}" truststore-password="${truststorePassword}" truststore-url="${icpConfigDirPath}/${truststoreFileName}" client-auth="true"/>
                </security-domain>
            </security-domains>
        </subsystem>
        <subsystem xmlns="urn:jboss:domain:transactions:3.0">
            <core-environment node-identifier="${jboss.node.name}">
                <process-id>
                    <uuid/>
                </process-id>
            </core-environment>
            <recovery-environment socket-binding="txn-recovery-environment" status-socket-binding="txn-status-manager"/>
            <coordinator-environment default-timeout="300"/>
        </subsystem>
        <subsystem xmlns="urn:jboss:domain:undertow:3.1">
            <buffer-cache name="default"/>
            <server name="default-server">
                <http-listener name="default" socket-binding="http" redirect-socket="https" enable-http2="true" max-post-size="1073741824"
                               max-parameters="10000" no-request-timeout="1800000"/>
                <host name="default-host" alias="${jboss.localhost.hostname}">
            <filter-ref name="x-frame-options-header"/>
                </host>
            </server>
            <servlet-container name="default">
                <jsp-config/>
                <session-cookie http-only="true" secure="false"/>
                <websockets/>
            </servlet-container>
            <filters>
                <response-header name="x-frame-options-header" header-name="X-Frame-Options" header-value="SAMEORIGIN"/>
            </filters>
        </subsystem>
        <subsystem xmlns="urn:jboss:domain:webservices:2.0">
            <modify-wsdl-address>true</modify-wsdl-address>
            <wsdl-host>${jboss.bind.address:127.0.0.1}</wsdl-host>
            <endpoint-config name="Standard-Endpoint-Config"/>
            <endpoint-config name="Recording-Endpoint-Config">
                <pre-handler-chain name="recording-handlers" protocol-bindings="##SOAP11_HTTP ##SOAP11_HTTP_MTOM ##SOAP12_HTTP ##SOAP12_HTTP_MTOM">
                    <handler name="RecordingHandler" class="org.jboss.ws.common.invocation.RecordingServerHandler"/>
                </pre-handler-chain>
            </endpoint-config>
            <client-config name="Standard-Client-Config"/>
        </subsystem>
        <subsystem xmlns="urn:jboss:domain:weld:3.0"/>
    </profile>

    <interfaces>
        <interface name="management">
            <inet-address value="${jboss.bind.address.management:127.0.0.1}"/>
        </interface>
        <interface name="public">
            <any-address/>
        </interface>
        <interface name="unsecure">
            <any-address/>
        </interface>
    </interfaces>

    <socket-binding-group name="standard-sockets" default-interface="public" port-offset="${jboss.socket.binding.port-offset:0}">
        <socket-binding name="management-native" interface="management" port="${jboss.management.native.port:9999}"/>
        <socket-binding name="management-http" interface="management" port="${jboss.management.http.port:9990}"/>
        <socket-binding name="management-https" interface="management" port="${jboss.management.https.port:9443}"/>
        <socket-binding name="ajp" port="${jboss.ajp.port:8009}"/>
        <socket-binding name="http" port="${jboss.http.port:8080}"/>
        <socket-binding name="https" port="${jboss.https.port:8443}"/>
        <socket-binding name="iiop" interface="unsecure" port="3528"/>
        <socket-binding name="iiop-ssl" interface="unsecure" port="3529"/>
        <socket-binding name="txn-recovery-environment" port="4712"/>
        <socket-binding name="txn-status-manager" port="4713"/>
        <outbound-socket-binding name="mail-smtp">
            <remote-destination host="${jboss.localhost.hostname}" port="25"/>
        </outbound-socket-binding>
    </socket-binding-group>

</server>
