<?xml version="1.0" encoding="UTF-8"?>
<!DOCTYPE log4j:configuration SYSTEM "log4j.dtd">

<!-- ===================================================================== -->
<!--                                                                       -->
<!--  Log4j Configuration for Bifrost                                      -->
<!--                                                                       -->
<!-- ===================================================================== -->

<!-- $Id: bifrost.xml,v 1.14 2008/10/07 22:02:59 aharral Exp $ -->

<!--
   | For more configuration infromation and examples see the Jakarta Log4j
   | owebsite: http://jakarta.apache.org/log4j
 -->

<log4j:configuration xmlns:log4j="http://jakarta.apache.org/log4j/" debug="false">

   <!-- ================================= -->
   <!-- Preserve messages in a local file -->
   <!-- ================================= -->

   <!-- A time/date based rolling appender -->
   <appender name="FILE" class="org.apache.log4j.RollingFileAppender">
      <param name="Threshold" value="${icp.bifrost.env.log.level.file}"/>
      <param name="File" value="${icp.bifrost.env.log.file}"/>
      <param name="Append" value="true"/>
      <param name="MaxFileSize" value="${icp.bifrost.env.log.filesize.max}"/>
      <param name="maxBackupIndex" value="5"/>

      <layout class="org.apache.log4j.PatternLayout">
         <param name="ConversionPattern" value="%d %-5p (%t) [%c] %m%n"/>
      </layout>
   </appender>

   <!-- ============================== -->
   <!-- Append messages to the console -->
   <!-- ============================== -->

   <appender name="CONSOLE" class="org.apache.log4j.ConsoleAppender">
      <param name="Target" value="System.out"/>
      <param name="Threshold" value="${icp.bifrost.env.log.level.console}"/>

      <layout class="org.apache.log4j.PatternLayout">
         <param name="ConversionPattern" value="%d{ABSOLUTE} %-5p (%t) [%c{1}] %m%n"/>
      </layout>
   </appender>


   <!-- ================ -->
   <!-- Limit categories -->
   <!-- ================ -->
   <category name="org.jnp.interfaces.NamingContext">
      <priority value="${icp.bifrost.env.log.level.base}"/>
   </category>

   <category name="com.ingenix">
      <priority value="${icp.bifrost.env.log.level.base}"/>
   </category>

   <category name="com.ingenix.bifrost">
      <priority value="${icp.bifrost.env.log.level.base}"/>
   </category>

   <category name="com.ingenix.bifrost.etl.util.Locator">
      <priority value="${icp.bifrost.env.log.level.base}"/>
   </category>

   <category name="com.ingenix.extensions.bifrost">
      <priority value="${icp.bifrost.env.log.level.base}"/>
   </category>

   <category name="com.ingenix.Vergant">
      <priority value="${icp.bifrost.env.log.level.base}"/>
   </category>
   
   <category name="com.ingenix.bifrost.controller.KBLoader">
      <priority value="${icp.bifrost.env.log.level.base}"/>
   </category>

   <category name="com.ingenix.bifrost.config.ConfigurationComponent">
      <priority value="${icp.bifrost.env.log.level.base}"/>
   </category>

   <!-- Set to TRACE to view parsed sql sent to db from Bifrost -->
   <category name="com.ingenix.bifrost.db">
      <priority value="${icp.bifrost.env.log.level.base}"/>
   </category>

   <!-- Used to debug the CRON job service for Bifrost -->
   <!-- category name="com.ingenix.bifrost.controller.CronJobComponent">
      <priority value="${icp.bifrost.env.log.level.base}"/>
   </category -->

   <!-- Allows us to debug how services are being run by Bifrost -->
   <!-- category name="com.ingenix.bifrost.services">
      <priority value="${icp.bifrost.env.log.level.base}"/>
   </category-->

   <!-- Allows us to debug how resources are being loaded by Bifrost -->
   <!-- category name="com.ingenix.bifrost.util.Locator">
      <priority value="${icp.bifrost.env.log.level.base}"/>
   </category-->

   <!-- Limit the org.apache category to INFO as its DEBUG is verbose -->
   <category name="org.apache">
      <priority value="${icp.bifrost.env.log.level.base}"/>
   </category>

   <category name="org.jboss">
      <priority value="${icp.bifrost.env.log.level.base}"/>
   </category>

   <category name="com.sun.corba">
      <priority value="SEVERE"/>
   </category>

   <category name="com.sun.jndi">
      <priority value="SEVERE"/>
   </category>

   <category name="org.omg.CORBA">
      <priority value="SEVERE"/>
   </category>

   <category name="javax.enterprise.resource.corba">
      <priority value="SEVERE"/>
   </category>

   <!-- ======================= -->
   <!-- Setup the Root category -->
   <!-- ======================= -->
   <root>
      <appender-ref ref="FILE"/>
   </root>
</log4j:configuration>
