<?xml version='1.0'?>
<!-- JMS-PatientClaimSerialization.awk: Memory allocation configured by queue -->
<!-- ArtemisBroker_SetDirectDeliver.awk: Set 'directDeliver' attribute to 'false' -->
<!-- Update54_SP1.awk: Modifications needed for ICP 5.4 Service Pack-1 -->
<!--
Licensed to the Apache Software Foundation (ASF) under one
or more contributor license agreements.  See the NOTICE file
distributed with this work for additional information
regarding copyright ownership.  The ASF licenses this file
to you under the Apache License, Version 2.0 (the
"License"); you may not use this file except in compliance
with the License.  You may obtain a copy of the License at

  http://www.apache.org/licenses/LICENSE-2.0

Unless required by applicable law or agreed to in writing,
software distributed under the License is distributed on an
"AS IS" BASIS, WITHOUT WARRANTIES OR CONDITIONS OF ANY
KIND, either express or implied.  See the License for the
specific language governing permissions and limitations
under the License.
-->

<configuration xmlns="urn:activemq"
               xmlns:xsi="http://www.w3.org/2001/XMLSchema-instance"
               xsi:schemaLocation="urn:activemq /schema/artemis-configuration.xsd">

   <jms xmlns="urn:activemq:jms">
      <queue name="DLQ"/>
   </jms>

   <core xmlns="urn:activemq:core">
      <name>ICP</name>
      <persistence-enabled>false</persistence-enabled>
      <security-enabled>false</security-enabled>

      <!-- this could be ASYNCIO or NIO  -->
      <journal-type>NIO</journal-type>
      <!-- Change this from the default of 490K only when min-large-message-size is greater -->
      <!--journal-buffer-size>501760</journal-buffer-size-->
      <paging-directory>../artemis/data/paging</paging-directory>
      <bindings-directory>../artemis/data/bindings</bindings-directory>
      <journal-directory>../artemis/data/journal/master</journal-directory>
      <large-messages-directory>../artemis/data/large-messages</large-messages-directory>
      <journal-min-files>2</journal-min-files>
      <journal-pool-files>-1</journal-pool-files>
      <message-expiry-scan-period>3000</message-expiry-scan-period>
      <message-expiry-thread-priority>8</message-expiry-thread-priority>
      
      <!--
       This value was determined through a calculation.
       Your system could perform 1.8 writes per millisecond
       on the current journal configuration.
       That translates as a sync write every 556000 nanoseconds
      -->
      <journal-buffer-timeout>556000</journal-buffer-timeout>

      <!-- We need the check-for-live-server setting for auto failback -->
      <!-- HA Policy for Main node (uncomment the section below to enable HA on main node)-->
<!--
      <ha-policy>
         <replication>
            <master>
               <check-for-live-server>true</check-for-live-server>
            </master>
         </replication>
      </ha-policy>
-->

     <!-- HA Policy for Standby node (uncomment the section below to enable HA on standby node)-->
<!--
      <ha-policy>
         <replication>
            <slave>
               <allow-failback>true</allow-failback>
            </slave>
         </replication>
      </ha-policy>
-->
      <!-- Connectors -->
      <connectors>
         <!--  Single node without SSL settings (default) -->
         <connector name="vm-connector">vm://0</connector>

         <!-- HA without SSL settings template -->
         <!--connector name="main-connector">tcp://<mainNameOrIP>:61616</connector-->
         <!--connector name="standby-connector">tcp://<standbyNameOrIP>:61616</connector-->
         
         <!--  Single node with SSL settings template -->
         <!--connector name="main-connector">tcp://<mainNameOrIP>:61617?sslEnabled=true;enabledProtocols=TLSv1,TLSv1.1,TLSv1.2</connector-->

         <!-- HA with SSL settings template -->
         <!--connector name="main-connector">tcp://<mainNameOrIP>:61617?sslEnabled=true;enabledProtocols=TLSv1,TLSv1.1,TLSv1.2</connector-->
         <!--connector name="standby-connector">tcp://<standbyNameOrIP>:61617?sslEnabled=true;enabledProtocols=TLSv1,TLSv1.1,TLSv1.2</connector-->
         
      </connectors>

      <!-- Acceptors -->
      <acceptors>
         <!-- Non-SSL settings (default) -->
         <acceptor name="netty-acceptor">tcp://0.0.0.0:61616?directDeliver=false</acceptor>
         <acceptor name="vm-acceptor">vm://0</acceptor>

         <!-- SSL settings template -->
         <!--acceptor name="netty-acceptor">tcp://0.0.0.0:61617?directDeliver=false;sslEnabled=true;keyStorePath=/usr/share/optum/icp/jboss/icpConfig/icp.keystore;keyStorePassword=ingenix1;trustStorePath=/usr/share/optum/icp/jboss/icpConfig/icp.keystore;trustStorePassword=ingenix1;enabledProtocols=TLSv1,TLSv1.1,TLSv1.2</acceptor-->
      </acceptors>

      <!-- Grouping Handler -->
      <grouping-handler name="my-grouping-handler">
         <type>LOCAL</type>
         <address>jms</address>
         <timeout>5000</timeout>
         <group-timeout>300000</group-timeout>
      </grouping-handler>
    
      <!-- cluster connections for ha for Main node (uncomment to enable on main node) -->
<!-- 
      <cluster-connections>
         <cluster-connection name="my-cluster">
            <address>jms</address>
            <connector-ref>main-connector</connector-ref>
            <min-large-message-size>102400</min-large-message-size>
            <retry-interval>500</retry-interval>
            <max-hops>1</max-hops>
            <static-connectors>
               <connector-ref>standby-connector</connector-ref>
            </static-connectors>
         </cluster-connection>
      </cluster-connections>
-->
    
      <!-- cluster connections for ha for Standby node (uncomment to enable on standby node) -->
<!-- 
      <cluster-connections>
         <cluster-connection name="my-cluster">
            <address>jms</address>
            <connector-ref>standby-connector</connector-ref>
            <min-large-message-size>102400</min-large-message-size>
            <retry-interval>500</retry-interval>
            <max-hops>1</max-hops>
            <static-connectors>
               <connector-ref>main-connector</connector-ref>
            </static-connectors>
         </cluster-connection>
      </cluster-connections>
-->
    
      <queues>
        <!-- Read by ICPMessageDrivenBean -->
        <queue name="jms.queue.icp.analyze">
          <address>jms.queue.icp.analyze</address>
          <durable>false</durable>
        </queue>
    
        <!-- Read by connection handlers in the Connector -->
        <queue name="jms.queue.icp.response">
          <address>jms.queue.icp.response</address>
          <durable>false</durable>
        </queue>
    
        <!-- Read by RulesInstallationMDB -->
        <queue name="jms.topic.rulesinstall">
          <address>jms.topic.rulesinstall</address>
          <durable>false</durable>
        </queue>
    
        <!-- Read by SystemEventReceiverMDB -->
        <queue name="jms.topic.ocaevent">
          <address>jms.topic.ocaevent</address>
          <durable>false</durable>
        </queue>
    
        <!-- Read by ICP Performance Monitor -->
        <queue name="jms.topic.metricevent">
          <address>jms.topic.metricevent</address>
          <durable>false</durable>
        </queue>
    
        <!-- Read by OdsClaimMapMDB -->
        <queue name="jms.queue.claimmap.analyze">
          <address>jms.queue.claimmap.analyze</address>
          <durable>false</durable>
        </queue>

        <!-- Read by ClaimCountMDB (ODS) -->
        <queue name="jms.queue.claimcount.analyze">
          <address>jms.queue.claimcount.analyze</address>
          <durable>false</durable>
        </queue>

        <!-- Read by MoveEnterpriseContentMDB -->
        <queue name="jms.queue.enterprise.inherit">
          <address>jms.queue.enterprise.inherit</address>
          <durable>false</durable>
        </queue>

      </queues>
     
      <security-settings>
         <security-setting match="#">
            <permission type="createNonDurableQueue" roles="admin"/>
            <permission type="deleteNonDurableQueue" roles="admin"/>
            <permission type="createDurableQueue" roles="admin"/>
            <permission type="deleteDurableQueue" roles="admin"/>
            <permission type="consume" roles="admin"/>
            <permission type="send" roles="admin"/>
            <!-- we need this otherwise ./artemis data imp wouldn't work -->
            <permission type="manage" roles="admin"/>
         </security-setting>
      </security-settings>

      <address-settings>
         <address-setting match="queue/analyze">
            <!-- <dead-letter-address>jms.queue.DLQ</dead-letter-address> -->
            <!-- <expiry-address>jms.queue.ExpiryQueue</expiry-address> -->
            <max-delivery-attempts>1</max-delivery-attempts>
            <redelivery-delay>0</redelivery-delay>
            <max-size-bytes>629145600</max-size-bytes>  <!--600MB-->
            <page-size-bytes>52428800</page-size-bytes> <!--50MB-->
            <message-counter-history-day-limit>10</message-counter-history-day-limit>
            <address-full-policy>BLOCK</address-full-policy>
         </address-setting>
         <address-setting match="queue/response">
            <!-- <dead-letter-address>jms.queue.DLQ</dead-letter-address> -->
            <!-- <expiry-address>jms.queue.ExpiryQueue</expiry-address> -->
            <max-delivery-attempts>1</max-delivery-attempts>
            <redelivery-delay>0</redelivery-delay>
            <max-size-bytes>104857600</max-size-bytes>  <!--100MB-->
            <page-size-bytes>10485760</page-size-bytes> <!--10MB-->
            <message-counter-history-day-limit>10</message-counter-history-day-limit>
            <address-full-policy>BLOCK</address-full-policy>
         </address-setting>
         <address-setting match="topic/metricevent">
            <!-- <dead-letter-address>jms.queue.DLQ</dead-letter-address> -->
            <!-- <expiry-address>jms.queue.ExpiryQueue</expiry-address> -->
            <max-delivery-attempts>1</max-delivery-attempts>
            <redelivery-delay>0</redelivery-delay>
            <max-size-bytes>104857600</max-size-bytes>  <!--100MB-->
            <page-size-bytes>10485760</page-size-bytes> <!--10MB-->
            <message-counter-history-day-limit>10</message-counter-history-day-limit>
            <address-full-policy>BLOCK</address-full-policy>
         </address-setting>
         <address-setting match="#">
            <!-- <dead-letter-address>jms.queue.DLQ</dead-letter-address> -->
            <!-- <expiry-address>jms.queue.ExpiryQueue</expiry-address> -->
            <max-delivery-attempts>1</max-delivery-attempts>
            <redelivery-delay>0</redelivery-delay>
            <max-size-bytes>10485760</max-size-bytes>  <!--10MB-->
            <page-size-bytes>1048576</page-size-bytes> <!--1MB-->
            <message-counter-history-day-limit>10</message-counter-history-day-limit>
            <address-full-policy>BLOCK</address-full-policy>
         </address-setting>
      </address-settings>
   </core>
</configuration>
