<?xml version="1.0" encoding="UTF-8"?>
<!DOCTYPE log4j:configuration SYSTEM "log4j.dtd">

<!-- ===================================================================== -->
<!--                                                                       -->
<!--  Log4j Configuration for ICP Connector                                      -->
<!--                                                                       -->
<!-- ===================================================================== -->

<!-- $Id -->

<!--
   | For more configuration infromation and examples see the Jakarta Log4j
   | owebsite: http://jakarta.apache.org/log4j
 -->

<log4j:configuration xmlns:log4j="http://jakarta.apache.org/log4j/" debug="false">

   <!-- ================================= -->
   <!-- Preserve messages in a local file -->
   <!-- ================================= -->

   <!-- A time/date based rolling appender -->
   <appender name="FILE" class="org.apache.log4j.RollingFileAppender">
      <param name="Threshold" value="${icp.connector.env.loglevel.file}"/>
      <param name="File" value="${icp.connector.env.log.dir}/${icp.connector.env.logfile.name}"/>
      <param name="Append" value="true"/>
      <param name="MaxFileSize" value="50MB"/>
      <param name="maxBackupIndex" value="4"/>

      <layout class="org.apache.log4j.PatternLayout">
         <!-- The default pattern: Date Priority [Category] Message\n -->
         <param name="ConversionPattern" value="%d %-5p (%t) [%c] %m%n"/>

         <!-- The full pattern: Date MS Priority [Category] (Thread:NDC) Message\n
         <param name="ConversionPattern" value="%d %-5r %-5p [%c] (%t:%x) %m%n"/>
          -->
      </layout>
   </appender>

   <!-- ============================== -->
   <!-- Append messages to the console -->
   <!-- ============================== -->

   <appender name="CONSOLE" class="org.apache.log4j.ConsoleAppender">
      <param name="Target" value="System.out"/>
      <param name="Threshold" value="${icp.connector.env.loglevel.console}"/>

      <layout class="org.apache.log4j.PatternLayout">
         <!-- The default pattern: Date Priority [Category] Message\n -->
         <param name="ConversionPattern" value="%d{ABSOLUTE} %-5p (%t) [%c{1}] %m%n"/>
      </layout>
   </appender>

   <!-- ========================================== -->
   <!-- Instantiate asynchronous appender wrappers -->
   <!-- ========================================== -->

    <appender name="async-file" class="org.apache.log4j.AsyncAppender">
        <param name="BufferSize" value="10000"/>
        <appender-ref ref="FILE"/>
    </appender>

    <!--
    <appender name="async-console" class="org.apache.log4j.AsyncAppender">
        <param name="BufferSize" value="10000"/>
        <appender-ref ref="CONSOLE"/>
    </appender>
    -->


   <!-- ================ -->
   <!-- Limit categories -->
   <!-- ================ -->

   <category name="com.ingenix">
      <priority value="${icp.connector.env.loglevel.base}"/>
   </category>

   <!-- Set to DEBUG to log IMF claim detail -->
   <category name="com.ingenix.claimdata">
     <priority value="${icp.connector.env.loglevel.base}"/>
   </category>

   <category name="com.ingenix.freya.connector">
      <priority value="${icp.connector.env.loglevel.base}"/>
   </category>

   <!-- Set to DEBUG to log XML and Facets claim detail -->
   <category name="com.ingenix.freya.connector.ConnectionHandler">
      <priority value="${icp.connector.env.loglevel.base}"/>
   </category>

   <!-- Set to INFO to log JMS send/receive claim flow events -->
   <category name="com.ingenix.icp.jms">
      <priority value="${icp.connector.env.loglevel.base}"/>
   </category>

   <category name="com.ingenix.icp.translator">
      <priority value="${icp.connector.env.loglevel.base}"/>
   </category>

   <!-- set this to INFO to log claim statistics -->
   <category name="com.ingenix.freya.messaging.MessageStatistics">
      <priority value="${icp.connector.env.loglevel.base}"/>
   </category>

   <category name="org.apache.activemq">
      <priority value="${icp.connector.env.loglevel.base}" />
   </category>
   
   <category name="org.apache.activemq.artemis.core">
      <priority value="${icp.connector.env.loglevel.base}"/>
   </category>
   
   <category name="org.apache.commons">
      <priority value="${icp.connector.env.loglevel.base}" />
   </category>
    
   <category name="io.netty">
      <priority value="${icp.connector.env.loglevel.base}" />
   </category>
   
   
   <!-- ======================= -->
   <!-- Setup the Root category -->
   <!-- ======================= -->

   <root>
      <priority value="${icp.connector.env.loglevel.base}" />
      <appender-ref ref="async-file"/>
   </root>

</log4j:configuration>
