<FacetsMap>
  <CLCL>
    <CSTR_CONNECTION />
    <CSTR_DBNAME />
    <CLCL_ID/>
    <CSTR_MKAL_ID />
    <CLCL_ACD_IND />
    <CLCL_ACD_STATE />
    <CLCL_CL_SUB_TYPE />
    <CLCL_CL_TYPE />
    <CLCB_COB_TYPE />
    <CLCL_LOW_SVC_DT />
    <CLCL_ME_AGE />
    <CLCL_MED_ASSIGN_IND />
    <CLCL_NTWK_IND />
    <CLCL_OTHER_BN_IND />
    <CLCL_PAY_PR_IND />
    <CLCL_PCP_IND />
    <CLCL_PRE_PRICE_IND />
    <CLCL_REC_ENC_IND />
    <CLCL_SITE />
    <CLSM_OC_ALLOW />
    <CSCS_ID />
    <CSPD_CAT />
    <CSPI_ID />
    <AGAG_ID />
    <GRGR_ID />
    <MEME_CK />
    <MEME_REL />
    <MEME_SEX />
    <MEME_SFX />
    <MEME_BIRTH_DT />
    <PDDS_MCTR_BCAT />
    <PDDS_PROD_TYPE />
    <PDPD_ID />
    <PRAD_STATE />
    <PRAD_ZIP />
    <PRCF_MCTR_SPEC />
    <PRPR_ENTITY />
    <PRPR_MCTR_TYPE />
    <PRPR_STS />
    <PROV_LEN />
    <PRPR_ID />
    <PZAP_ID />
    <SBSB_ID />
    <CLHP_FAC_TYPE />
    <CLHP_BILL_CLASS />
    <SGSG_ID />
    <CLMI_835_IND />
    <CLMI_ECR_CD />
	<MCTN_ID />
	<PRPR_TAXONOMY_CD />
  </CLCL>

  <CLMD>
    <CLMD_POA_IND />
    <IDCD_ID />
    <CLMD_TYPE />
  </CLMD>

  <CDML>
    <CDML_SEQ_NO />
    <CDML_ALLOW />
    <CDML_AUTHSV_SEQ_NO />
    <CDML_CHG_AMT />
    <CDML_CL_NTWK_IND />
    <CDML_CONSIDER_CHG />
    <CDML_DISALL_EXCD />
    <CDML_FROM_DT />
    <CDML_IPCD_MOD2 />
    <CDML_IPCD_MOD3 />
    <CDML_IPCD_MOD4 />
    <CDML_PC_IND />
    <CDML_POS_IND />
    <CDML_PRE_AUTH_IND />
    <CDML_REF_IND />
    <CDML_TO_DT />
    <CSTR_UM_DIS_EXCD />
    <CDML_UNITS />
    <CDML_UNITS_ALLOW />
    <CSTR_BYPASS_CE />
    <IDCD_ID />
    <IPCD_ID />
    <MEME_CK />
    <PSCD_ID />
    <SESE_ID />
    <CDML_CLMD_TYPE2 />
    <CDML_CLMD_TYPE3 />
    <CDML_CLMD_TYPE4 />
    <CDML_CLMD_TYPE5 />
    <CDML_CLMD_TYPE6 />
    <CDML_CLMD_TYPE7 />
    <CDML_CLMD_TYPE8 />
    <CSHT_SOURCE_SEQ_NO />
    <CSHT_SEQ_NO />
    <CSTR_ORIGIN />
    <RCRC_ID />
  </CDML>

  <CDV0>
    <LOCK_TOKEN />
    <CLCL_ID />
    <CDML_SEQ_NO />
    <MEME_CK />
    <PRPR_ID />
    <SESE_ID />
    <PSCD_ID />
    <IPCD_ID />
    <IDCD_ID_REL />
    <CDML_FROM_DT />
    <CDML_TO_DT />
    <CDML_ROOM_TYPE />
    <CDML_CHG_AMT />
    <CDML_ALLOW />
    <CDML_DED_AMT />
    <CDML_COPAY_AMT />
    <CDML_UNITS_ALLOW />
    <CDML_PAID_AMT />
    <CDML_UMREF_ID />
    <CDML_REFSV_SEQ_NO />
    <CDML_UMAUTH_ID />
    <CDML_AUTHSV_SEQ_NO />
    <CDML_CL_NTWK_IND />
    <CDML_REF_IND />
    <CDML_PC_IND />
    <CLCL_PCP_IND />
    <CDML_DISALL_EXCD />
    <CDML_UNITS />
    <SESE_RULE />
    <RCRC_ID />
    <CDML_CUR_STS />
    <IDCD_ID2 />
    <IDCD_ID3 />
    <IDCD_ID4 />
    <IDCD_ID5 />
    <IDCD_ID6 />
    <IDCD_ID7 />
    <IDCD_ID8 />
    <CDML_IPCD_MOD2 />
    <CDML_IPCD_MOD3 />
    <CDML_IPCD_MOD4 />
	<MCTN_ID />
	<PRPR_TAXONOMY_CD />
	<PRPR_MCTR_TYPE />
  </CDV0>

  <CLHP>
    <CLHP_FAC_TYPE />
    <CLHP_BILL_CLASS />
    <CLHP_FREQUENCY />
    <CLHP_PRPR_ID_ADM />
    <CLHP_PRPR_ID_OPER />
    <CLHP_PRPR_ID_OTH1 />
    <CLHP_PRPR_ID_OTH2 />
    <CLHP_ADM_TYP />
    <CLHP_ADM_DT />
    <CLHP_DC_STAT />
    <CLHP_DC_DT />
    <CLHP_STATEMENT_FR_DT />
    <CLHP_STATEMENT_TO_DT />
    <CLHP_MED_REC_NO />
    <CLHP_IPCD_METH />
    <AGRG_ID />
    <CLHP_INPUT_AGRG_ID />
    <CLHP_ADM_HOUR_CD />
    <CLHP_ADM_SOURCE />
    <CLHP_DC_HOUR_CD />
    <CLHP_BIRTH_WGT />
    <CLHP_COVD_DAYS />
  </CLHP>

  <CLHC>
    <CLHC_SEQ_NO />
    <CLHC_COND_CD />
  </CLHC>

  <CLHO>
    <CLHO_SEQ_NO />
    <CLHO_OCC_CD />
    <CLHO_OCC_FROM_DT />
    <CLHO_OCC_TO_DT />
  </CLHO>

  <CLHI>
    <CLHI_TYPE />
    <IPCD_ID />
    <CLHI_IP_DT />
  </CLHI>

  <CLVC>
    <CLVC_NUMBER />
    <CLVC_LETTER />
    <CLVC_CODE />
    <CLVC_AMT />
    <CLVC_VALUE />
    <CLVC_VALUE_ID />
  </CLVC>

<AGAG>
    <AGAG_MCTR_TYPE />
</AGAG>
</FacetsMap>
