<?xml version="1.0" encoding="UTF-8"?>
<!DOCTYPE log4j:configuration SYSTEM "log4j.dtd">

<!-- ===================================================================== -->
<!--                                                                       -->
<!--  Log4j Configuration for LCD BulkLoader                               -->
<!--                                                                       -->
<!-- ===================================================================== -->

<!-- $Id -->

<!--
   | For more configuration infromation and examples see the Jakarta Log4j
   | owebsite: http://jakarta.apache.org/log4j
 -->

<log4j:configuration xmlns:log4j="http://jakarta.apache.org/log4j/" debug="false">

   <!-- ================================= -->
   <!-- Preserve messages in a local file -->
   <!-- ================================= -->

   <!-- A time/date based rolling appender -->
   <appender name="FILE" class="org.apache.log4j.RollingFileAppender">
      <param name="Threshold" value="INFO"/>
      <param name="File" value="${icplog.rootdir}/LCDBulkLoader.log"/>
      <param name="Append" value="true"/>
      <param name="MaxFileSize" value="50MB"/>
      <param name="maxBackupIndex" value="5"/>

      <layout class="org.apache.log4j.PatternLayout">
         <!-- The default pattern: Date Priority [Category] Message\n -->
         <param name="ConversionPattern" value="%d %-5p (%t) [%c] %m%n"/>

         <!-- The full pattern: Date MS Priority [Category] (Thread:NDC) Message\n
         <param name="ConversionPattern" value="%d %-5r %-5p [%c] (%t:%x) %m%n"/>
          -->
      </layout>
   </appender>

   <!-- ============================== -->
   <!-- Append messages to the console -->
   <!-- ============================== -->

   <appender name="CONSOLE" class="org.apache.log4j.ConsoleAppender">
	  <param name="Target" value="System.out"/>
      <param name="Threshold" value="INFO"/>
      <layout class="org.apache.log4j.PatternLayout">
         <!-- The default pattern: Date Priority [Category] Message\n -->
         <param name="ConversionPattern" value="%d{ABSOLUTE} %-5p (%t) [%c{1}] %m%n"/>
      </layout>
   </appender>

   <!-- ============================ -->
   <!-- Append messages as NT Events -->
   <!-- ============================ -->

   <appender name="WINEVENT" class="org.apache.log4j.nt.NTEventLogAppender">
      <param name="Threshold" value="INFO"/>
      <param name="Source" value="Bifrost"/>
      <layout class="org.apache.log4j.PatternLayout">
         <param name="ConversionPattern" value="%c{1} %M - %m%n"/>
      </layout>
   </appender>

   <!-- ========================================== -->
   <!-- Instantiate asynchronous appender wrappers -->
   <!-- ========================================== -->

    <appender name="async-file" class="org.apache.log4j.AsyncAppender">
        <param name="BufferSize" value="10000"/>
        <appender-ref ref="FILE"/>
    </appender>

    
    <appender name="async-console" class="org.apache.log4j.AsyncAppender">
        <param name="BufferSize" value="10000"/>
        <appender-ref ref="CONSOLE"/>
    </appender>
   

   <!-- ================ -->
   <!-- Limit categories -->
   <!-- ================ -->

   <category name="com.ingenix">
      <priority value="WARN"/>
   </category>
   
<category name="com.ingenix.bifrost.controller.LCDBulkLoader">
      <priority value="INFO"/>
   </category>
   
   <category name="com.ingenix.bifrost.util.FileUtil">
      <priority value="INFO"/>
   </category>

   <!-- Limit the org.apache category to INFO as its DEBUG is verbose -->
   <category name="org.apache">
      <priority value="WARN"/>
   </category>

   <category name="org.jboss">
      <priority value="WARN"/>
   </category>
  
   <category name="org.xnio">
      <priority value="WARN"/>
   </category>
  
   <category name="com.sun.corba">
      <priority value="SEVERE"/>
   </category>

   <category name="com.sun.jndi">
      <priority value="SEVERE"/>
   </category>

   <category name="org.omg.CORBA">
      <priority value="SEVERE"/>
   </category>

   <category name="javax.enterprise.resource.corba">
      <priority value="SEVERE"/>
   </category>
   
   <!-- ======================= -->
   <!-- Setup the Root category -->
   <!-- ======================= -->

   <root>
      <appender-ref ref="async-file"/>
      <appender-ref ref="async-console"/>
      <!--  appender-ref ref="WINEVENT"/ -->
   </root>

</log4j:configuration>
