<?xml version="1.0" encoding="UTF-8"?>
<adapterlist>
	<!--
		list of properties for an adapter:
			name [A-Z,a-z,0-9] (required)						- must be unique for all adapter within the list.
			port [0-9] (optional, defaults to 0)				- number of the port for the specified adapter.
			timeout [0-9] (optional, defaults to 1000)			- number of milliseconds for a timeout.
			wait [0-9] (optional, defaults to 0)				- number of milliseconds to wait before activation.
			servertimeout [0-9] (optional, defaults to 5000)	- number of milliseconds for a timeout of the server.
			location [string] (optional, default to null)		- string for location.
			inqueue [string] (optional, default to null)		- name of the JMS queue for inbound messages (to be come outbound files).
			outqueue [string] (optional, default to null)		- name of the JMS queue for outbound messages (resulting from inbound files).
			connection [string] (optional, default to null)		- type of connection.
			logpath [string] (optional, default to null)		- location where logging file will be written.
			imfpath [string] (optional, default to null)		- location to check for IMF files (inbound).
			emfpath [string] (optional, default to null)		- location where EMF files are written (outbound).
			semaphorepath [string] (optional, default to null)	- location where internal semaphores are created. 
			protocol [string] (optional, default to null)		- type of protocol to use for this adapter.
			extension tag (options)
				jar [string] (optional, defaults to a search along the class path)	- name of JAR where the extension will be loaded.
				class [string] (optional, defaults to the internal adapter = com.ingenix.freya.messaging.adapters.tcp.Adapter)
																					- name of the class which supports the BifrostExtension interface.
	-->

	<adapter name="BatchLoader"
			port="9299"
      timeout="1"
      inqueue="queue/Freya/AnaylzeClaim"
      outqueue="queue/Freya/ClaimResponse"
			disabled="no" protocol="IMF">
		<extension>
			<jar>&lt;@ingenix.jboss.dir@&gt;/server/apollo/deploy/freya-enterprise-app.ear/freya-impl.jar</jar>
			<class>com.ingenix.freya.messaging.adapters.tcp.Adapter</class>
		</extension>
	</adapter>

	<adapter name="FacetsAdapter"
			port="9399"
      timeout="1"
      inqueue="queue/Freya/AnaylzeClaim"
      outqueue="queue/Freya/ClaimResponse"
			disabled="no"
      bypass_facility="true"
      protocol="FACETS">
		<extension>
			<jar>&lt;@ingenix.jboss.dir@&gt;/server/apollo/deploy/freya-enterprise-app.ear/freya-impl.jar</jar>
			<class>com.ingenix.freya.messaging.adapters.tcp.Adapter</class>
		</extension>
	</adapter>
  
  <adapter name="XMLAdapter"
      port="9499"
      timeout="1"
      inqueue="queue/Freya/AnaylzeClaim"
      outqueue="queue/Freya/ClaimResponse"
      disabled="no"
      protocol="XML" >
    <extension>
      <jar>&lt;@ingenix.jboss.dir@&gt;/server/apollo/deploy/freya-enterprise-app.ear/freya-impl.jar</jar>
      <class>com.ingenix.freya.messaging.adapters.tcp.Adapter</class>
    </extension>
  </adapter>
  
</adapterlist>
