﻿{
    "Users": [
      {
        "FirstName": "Service",
        "LastName": "WebInspect",
        "UserName": "service-webinspect",
        "Roles": [ "UR Advisor User" ],
        "Hospitals": [ "Example Hospital X" ]
      },
        {
            "UserName": "DGelling",
            "FirstName": "Douglas",
            "LastName": "Gelling",
            "Roles": [ "UR Advisor User", "ElmahAccess" ],
            "Hospitals": [ "Example Hospital X" ]
        },
        {
            "UserName": "mtahir11",
            "FirstName": "Muhammad",
            "LastName": "Tahir",
            "Roles": [ "UR Advisor User", "ElmahAccess" ],
            "Hospitals": [ "Example Hospital X" ]
        },
        {
            "UserName": "jgrav17",
            "FirstName": "Joshua",
            "LastName": "Graves",
            "Roles": [ "UR Advisor User", "ElmahAccess" ],
            "Hospitals": [ "Example Hospital X" ]
        },
        {
            "UserName": "bwells20",
            "FirstName": "Brian",
            "LastName": "Wells",
            "Roles": [ "UR Advisor User", "ElmahAccess" ],
            "Hospitals": [ "Example Hospital X" ]
        },
        {
            "UserName": "tyu",
            "FirstName": "Tsu",
            "LastName": "Yu",
            "Roles": [ "UR Advisor User", "ElmahAccess" ],
            "Hospitals": [ "Example Hospital X" ]
        },
        {
            "UserName": "rmaiden",
            "FirstName": "Robert",
            "LastName": "Maiden",
            "Roles": [ "UR Advisor User", "ElmahAccess" ],
            "Hospitals": [ "Example Hospital X" ]
        },
        {
            "UserName": "jrees12",
            "FirstName": "Joshua",
            "LastName": "Reese",
            "Roles": [ "UR Advisor User", "ElmahAccess" ],
            "Hospitals": [ "Example Hospital X" ]
        },
        {
            "UserName": "kaquin2",
            "FirstName": "Kimberly",
            "LastName": "Hedberg",
            "Roles": [ "UR Advisor User", "ElmahAccess" ],
            "Hospitals": [ "Example Hospital X" ]
        },
        {
            "UserName": "rsharma",
            "FirstName": "ratan",
            "LastName": "sharma",
            "Roles": [ "UR Advisor User", "ElmahAccess" ],
            "Hospitals": [ "Example Hospital X" ]
        },
        {
            "UserName": "schandol",
            "FirstName": "Sateesh",
            "LastName": "Chandolu",
            "Roles": [ "UR Advisor User", "ElmahAccess" ],
            "Hospitals": [ "Example Hospital X" ]
        },
        {
            "UserName": "gdasari",
            "FirstName": "Gayatri",
            "LastName": "Dasari",
            "Roles": [ "UR Advisor User", "ElmahAccess" ],
            "Hospitals": [ "Example Hospital X" ]
        },
        {
            "UserName": "rherma6",
            "FirstName": "Robert ",
            "LastName": "Herman",
            "Roles": [ "UR Advisor User", "ElmahAccess" ],
            "Hospitals": [ "Example Hospital X" ]
        },
        {
            "UserName": "mkrizma",
            "FirstName": "Maria",
            "LastName": "Krizmanich",
            "Roles": [ "UR Advisor User", "ElmahAccess" ],
            "Hospitals": [ "Example Hospital X" ]
        },
        {
            "UserName": "sboya",
            "FirstName": "Sreekanth",
            "LastName": "Boya",
            "Roles": [ "UR Advisor User", "ElmahAccess" ],
            "Hospitals": [ "Example Hospital X" ]
        },
        {
            "UserName": "rkondur1",
            "FirstName": "Ranjith",
            "LastName": "Kondur",
            "Roles": [ "UR Advisor User", "ElmahAccess" ],
            "Hospitals": [ "Example Hospital X" ]
        },
        {
            "UserName": "mvemulap",
            "FirstName": "Manogna",
            "LastName": "Vemulapalli",
            "Roles": [ "UR Advisor User", "ElmahAccess" ],
            "Hospitals": [ "Example Hospital X" ]
        },
        {
            "UserName": "jkeiste",
            "FirstName": "jonathan",
            "LastName": "keister",
            "Roles": [ "UR Advisor User", "ElmahAccess" ],
            "Hospitals": [ "Example Hospital X" ]
        },
        {
            "UserName": "gkitter",
            "FirstName": "Glenn",
            "LastName": "Kitterman",
            "Roles": [ "UR Advisor User", "ElmahAccess" ],
            "Hospitals": [ "Example Hospital X" ]
        },
        {
            "UserName": "mdakshin",
            "FirstName": "Manimekalai",
            "LastName": "Dakshinamoorthi",
            "Roles": [ "UR Advisor User", "ElmahAccess" ],
            "Hospitals": [ "Example Hospital X" ]
        },
        {
            "UserName": "zsong",
            "FirstName": "ziang",
            "LastName": "song",
            "Roles": [ "UR Advisor User", "ElmahAccess" ],
            "Hospitals": [ "Example Hospital X" ]
        },
        {
            "UserName": "kgraha201",
            "FirstName": "Katherine",
            "LastName": "Graham",
            "Roles": [ "UR Advisor User", "ElmahAccess" ],
            "Hospitals": [ "Example Hospital X" ]
        },
        {
            "UserName": "cjord28",
            "FirstName": "Chad",
            "LastName": "Jordan",
            "Roles": [ "UR Advisor User", "ElmahAccess" ],
            "Hospitals": [ "Example Hospital X" ]
        },
        {
            "UserName": "jmeiste",
            "FirstName": "James",
            "LastName": "Meisterich",
            "Roles": [ "UR Advisor User", "ElmahAccess" ],
            "Hospitals": [ "Example Hospital X" ]
        },
        {
            "UserName": "bwu2",
            "FirstName": "Bin",
            "LastName": "Wu",
            "Roles": [ "UR Advisor User", "ElmahAccess" ],
            "Hospitals": [ "Example Hospital X" ]
        },
        {
            "UserName": "sinnani",
            "FirstName": "Sandeep",
            "LastName": "Innani",
            "Roles": [ "UR Advisor User", "ElmahAccess" ],
            "Hospitals": [ "Example Hospital X" ]
        },
        {
            "UserName": "mdomen1",
            "FirstName": "Mark",
            "LastName": "Domenic",
            "Roles": [ "UR Advisor User", "ElmahAccess" ],
            "Hospitals": [ "Example Hospital X" ]
        },
        {
            "UserName": "mhedber",
            "FirstName": "Mark",
            "LastName": "Hedberg",
            "Roles": [ "UR Advisor User", "ElmahAccess" ],
            "Hospitals": [ "Example Hospital X" ]
        },
        {
            "UserName": "kbelski",
            "FirstName": "Kathleen",
            "LastName": "Belskie",
            "Roles": [ "UR Advisor User", "ElmahAccess" ],
            "Hospitals": [ "Example Hospital X" ]
        },
        {
            "UserName": "bxudaybe",
            "FirstName": "Baxadir",
            "LastName": "Xudayberdiev",
            "Roles": [ "UR Advisor User", "ElmahAccess" ],
            "Hospitals": [ "Example Hospital X" ]
        },
        {
            "UserName": "abegum15",
            "FirstName": "Asiya",
            "LastName": "Begum",
            "Roles": [ "UR Advisor User", "ElmahAccess" ],
            "Hospitals": [ "Example Hospital X" ]
        },
        {
            "UserName": "ppradha7",
            "FirstName": "prasanta",
            "LastName": "pradhan",
            "Roles": [ "UR Advisor User", "ElmahAccess" ],
            "Hospitals": [ "Example Hospital X" ]
        },
        {
            "UserName": "eishak",
            "FirstName": "Elizabeth",
            "LastName": "Marks",
            "Roles": [ "UR Advisor User", "ElmahAccess" ],
            "Hospitals": [ "Example Hospital X" ]
        },
        {
            "UserName": "mcywin1",
            "FirstName": "Matthew",
            "LastName": "Cywinski",
            "Roles": [ "UR Advisor User", "ElmahAccess" ],
            "Hospitals": [ "Example Hospital X" ]
        },
        {
            "UserName": "emagran",
            "FirstName": "Evan",
            "LastName": "Magrann",
            "Roles": [ "UR Advisor User", "ElmahAccess" ],
            "Hospitals": [ "Example Hospital X" ]
        },
        {
            "UserName": "bguynn",
            "FirstName": "Barbara",
            "LastName": "Guynn",
            "Roles": [ "UR Advisor User", "ElmahAccess" ],
            "Hospitals": [ "Example Hospital X" ]
        },
        {
            "UserName": "jcronan",
            "FirstName": "John",
            "LastName": "Cronan",
            "Roles": [ "UR Advisor User", "ElmahAccess" ],
            "Hospitals": [ "Example Hospital X" ]
        },
        {
            "UserName": "pmahesh5",
            "FirstName": "Pendker",
            "LastName": "Mahesh",
            "Roles": [ "UR Advisor User", "ElmahAccess" ],
            "Hospitals": [ "Example Hospital X" ]
        },
        {
            "UserName": "smooke1",
            "FirstName": "Sayoni",
            "LastName": "Mookerjee",
            "Roles": [ "UR Advisor User", "ElmahAccess" ],
            "Hospitals": [ "Example Hospital X" ]
        },
        {
            "UserName": "rbhavana",
            "FirstName": "Ramadevi",
            "LastName": "Bhavanam",
            "Roles": [ "UR Advisor User", "ElmahAccess" ],
            "Hospitals": [ "Example Hospital X" ]
        },
        {
            "UserName": "ndasari3",
            "FirstName": "Narsimha",
            "LastName": "Dasari",
            "Roles": [ "UR Advisor User", "ElmahAccess" ],
            "Hospitals": [ "Example Hospital X" ]
        }

    ]
}